InvoiceNo,Description,Quantity,InvoiceDate
536365,WHITE HANGING HEART T-LIGHT HOLDER,6,12/1/2010 8:26
536365,WHITE METAL LANTERN,6,12/1/2010 8:26
536365,CREAM CUPID HEARTS COAT HANGER,8,12/1/2010 8:26
536365,KNITTED UNION FLAG HOT WATER BOTTLE,6,12/1/2010 8:26
536365,RED WOOLLY HOTTIE WHITE HEART.,6,12/1/2010 8:26
536365,SET 7 BABUSHKA NESTING BOXES,2,12/1/2010 8:26
536365,GLASS STAR FROSTED T-LIGHT HOLDER,6,12/1/2010 8:26
536366,HAND WARMER UNION JACK,6,12/1/2010 8:28
536366,HAND WARMER RED POLKA DOT,6,12/1/2010 8:28
536367,ASSORTED COLOUR BIRD ORNAMENT,32,12/1/2010 8:34
536367,POPPY'S PLAYHOUSE BEDROOM ,6,12/1/2010 8:34
536367,POPPY'S PLAYHOUSE KITCHEN,6,12/1/2010 8:34
536367,FELTCRAFT PRINCESS CHARLOTTE DOLL,8,12/1/2010 8:34
536367,IVORY KNITTED MUG COSY ,6,12/1/2010 8:34
536367,BOX OF 6 ASSORTED COLOUR TEASPOONS,6,12/1/2010 8:34
536367,BOX OF VINTAGE JIGSAW BLOCKS ,3,12/1/2010 8:34
536367,BOX OF VINTAGE ALPHABET BLOCKS,2,12/1/2010 8:34
536367,HOME BUILDING BLOCK WORD,3,12/1/2010 8:34
536367,LOVE BUILDING BLOCK WORD,3,12/1/2010 8:34
536367,RECIPE BOX WITH METAL HEART,4,12/1/2010 8:34
536367,DOORMAT NEW ENGLAND,4,12/1/2010 8:34
536368,JAM MAKING SET WITH JARS,6,12/1/2010 8:34
536368,RED COAT RACK PARIS FASHION,3,12/1/2010 8:34
536368,YELLOW COAT RACK PARIS FASHION,3,12/1/2010 8:34
536368,BLUE COAT RACK PARIS FASHION,3,12/1/2010 8:34
536369,BATH BUILDING BLOCK WORD,3,12/1/2010 8:35
536370,ALARM CLOCK BAKELIKE PINK,24,12/1/2010 8:45
536370,ALARM CLOCK BAKELIKE RED ,24,12/1/2010 8:45
536370,ALARM CLOCK BAKELIKE GREEN,12,12/1/2010 8:45
536370,PANDA AND BUNNIES STICKER SHEET,12,12/1/2010 8:45
536370,STARS GIFT TAPE ,24,12/1/2010 8:45
536370,INFLATABLE POLITICAL GLOBE ,48,12/1/2010 8:45
536370,VINTAGE HEADS AND TAILS CARD GAME ,24,12/1/2010 8:45
536370,SET/2 RED RETROSPOT TEA TOWELS ,18,12/1/2010 8:45
536370,ROUND SNACK BOXES SET OF4 WOODLAND ,24,12/1/2010 8:45
536370,SPACEBOY LUNCH BOX ,24,12/1/2010 8:45
536370,LUNCH BOX I LOVE LONDON,24,12/1/2010 8:45
536370,CIRCUS PARADE LUNCH BOX ,24,12/1/2010 8:45
536370,CHARLOTTE BAG DOLLY GIRL DESIGN,20,12/1/2010 8:45
536370,RED TOADSTOOL LED NIGHT LIGHT,24,12/1/2010 8:45
536370, SET 2 TEA TOWELS I LOVE LONDON ,24,12/1/2010 8:45
536370,VINTAGE SEASIDE JIGSAW PUZZLES,12,12/1/2010 8:45
536370,MINI JIGSAW CIRCUS PARADE ,24,12/1/2010 8:45
536370,MINI JIGSAW SPACEBOY,24,12/1/2010 8:45
536370,MINI PAINT SET VINTAGE ,36,12/1/2010 8:45
536370,POSTAGE,3,12/1/2010 8:45
536371,PAPER CHAIN KIT 50'S CHRISTMAS ,80,12/1/2010 9:00
536372,HAND WARMER RED POLKA DOT,6,12/1/2010 9:01
536372,HAND WARMER UNION JACK,6,12/1/2010 9:01
536373,WHITE HANGING HEART T-LIGHT HOLDER,6,12/1/2010 9:02
536373,WHITE METAL LANTERN,6,12/1/2010 9:02
536373,CREAM CUPID HEARTS COAT HANGER,8,12/1/2010 9:02
536373,EDWARDIAN PARASOL RED,6,12/1/2010 9:02
536373,RETRO COFFEE MUGS ASSORTED,6,12/1/2010 9:02
536373,SAVE THE PLANET MUG,6,12/1/2010 9:02
536373,VINTAGE BILLBOARD DRINK ME MUG,6,12/1/2010 9:02
536373,VINTAGE BILLBOARD LOVE/HATE MUG,6,12/1/2010 9:02
536373,WOOD 2 DRAWER CABINET WHITE FINISH,2,12/1/2010 9:02
536373,WOOD S/3 CABINET ANT WHITE FINISH,4,12/1/2010 9:02
536373,WOODEN PICTURE FRAME WHITE FINISH,6,12/1/2010 9:02
536373,WOODEN FRAME ANTIQUE WHITE ,6,12/1/2010 9:02
536373,KNITTED UNION FLAG HOT WATER BOTTLE,6,12/1/2010 9:02
536373,RED WOOLLY HOTTIE WHITE HEART.,6,12/1/2010 9:02
536373,SET 7 BABUSHKA NESTING BOXES,2,12/1/2010 9:02
536373,GLASS STAR FROSTED T-LIGHT HOLDER,6,12/1/2010 9:02
536374,VICTORIAN SEWING BOX LARGE,32,12/1/2010 9:09
536375,WHITE HANGING HEART T-LIGHT HOLDER,6,12/1/2010 9:32
536375,WHITE METAL LANTERN,6,12/1/2010 9:32
536375,CREAM CUPID HEARTS COAT HANGER,8,12/1/2010 9:32
536375,EDWARDIAN PARASOL RED,6,12/1/2010 9:32
536375,RETRO COFFEE MUGS ASSORTED,6,12/1/2010 9:32
536375,SAVE THE PLANET MUG,6,12/1/2010 9:32
536375,VINTAGE BILLBOARD DRINK ME MUG,6,12/1/2010 9:32
536375,VINTAGE BILLBOARD LOVE/HATE MUG,6,12/1/2010 9:32
536375,WOOD 2 DRAWER CABINET WHITE FINISH,2,12/1/2010 9:32
536375,WOOD S/3 CABINET ANT WHITE FINISH,4,12/1/2010 9:32
536375,WOODEN PICTURE FRAME WHITE FINISH,6,12/1/2010 9:32
536375,WOODEN FRAME ANTIQUE WHITE ,6,12/1/2010 9:32
536375,KNITTED UNION FLAG HOT WATER BOTTLE,6,12/1/2010 9:32
536375,RED WOOLLY HOTTIE WHITE HEART.,6,12/1/2010 9:32
536375,SET 7 BABUSHKA NESTING BOXES,2,12/1/2010 9:32
536375,GLASS STAR FROSTED T-LIGHT HOLDER,6,12/1/2010 9:32
536376,HOT WATER BOTTLE TEA AND SYMPATHY,48,12/1/2010 9:32
536376,RED HANGING HEART T-LIGHT HOLDER,64,12/1/2010 9:32
536377,HAND WARMER RED POLKA DOT,6,12/1/2010 9:34
536377,HAND WARMER UNION JACK,6,12/1/2010 9:34
536378,JUMBO BAG PINK POLKADOT,10,12/1/2010 9:37
536378,JUMBO  BAG BAROQUE BLACK WHITE,10,12/1/2010 9:37
536378,JUMBO BAG CHARLIE AND LOLA TOYS,10,12/1/2010 9:37
536378,STRAWBERRY CHARLOTTE BAG,10,12/1/2010 9:37
536378,RED 3 PIECE RETROSPOT CUTLERY SET,12,12/1/2010 9:37
536378,BLUE 3 PIECE POLKADOT CUTLERY SET,6,12/1/2010 9:37
536378,SET/6 RED SPOTTY PAPER PLATES,12,12/1/2010 9:37
536378,LUNCH BAG RED RETROSPOT,10,12/1/2010 9:37
536378,STRAWBERRY LUNCH BOX WITH CUTLERY,6,12/1/2010 9:37
536378,LUNCH BOX WITH CUTLERY RETROSPOT ,6,12/1/2010 9:37
536378,PACK OF 72 RETROSPOT CAKE CASES,120,12/1/2010 9:37
536378,PACK OF 60 DINOSAUR CAKE CASES,24,12/1/2010 9:37
536378,PACK OF 60 PINK PAISLEY CAKE CASES,24,12/1/2010 9:37
